iter,mean_eval,pop_best_eval
0,10.10510226204083,9.95649703570102
