{
  "body_index": 4,
  "inner_pop": 5,
  "inner_gens": 5,
  "best_brain_fit_inner": -5.5198346579499615,
  "final_fit_reval": -5.5198346579499615
}