{
  "body_index": 8,
  "inner_pop": 24,
  "inner_gens": 12,
  "best_brain_fit_inner": -5.705231934426277,
  "final_fit_reval": -5.705231934426277
}