{
  "body_index": 1,
  "inner_pop": 5,
  "inner_gens": 5,
  "best_brain_fit_inner": -5.67716792998011,
  "final_fit_reval": -5.67716792998011
}