{
  "body_index": 7,
  "inner_pop": 24,
  "inner_gens": 12,
  "best_brain_fit_inner": -5.825639112251855,
  "final_fit_reval": -5.825639112251855
}