{
  "body_index": 9,
  "inner_pop": 24,
  "inner_gens": 12,
  "best_brain_fit_inner": -5.702381072141374,
  "final_fit_reval": -5.702381072141374
}