{
  "body_index": 5,
  "inner_pop": 24,
  "inner_gens": 12,
  "best_brain_fit_inner": -5.724906742195969,
  "final_fit_reval": -5.724906742195969
}