gen,mean,best
0,-5.791035,-5.764979
1,-5.776535,-5.734563
2,-5.769287,-5.734563
3,-5.767488,-5.734563
4,-5.758910,-5.734563
5,-5.753650,-5.734563
