gen,mean,best
0,-5.720246,-5.519835
1,-5.717814,-5.519835
2,-5.714541,-5.519835
3,-5.714541,-5.519835
4,-5.697517,-5.519835
5,-5.697517,-5.519835
