{
  "body_index": 0,
  "inner_pop": 5,
  "inner_gens": 5,
  "best_brain_fit_inner": -5.73125873458082,
  "final_fit_reval": -5.73125873458082
}