{
  "body_index": 3,
  "inner_pop": 5,
  "inner_gens": 5,
  "best_brain_fit_inner": -5.734563488928574,
  "final_fit_reval": -5.734563488928574
}