{
  "body_index": 2,
  "inner_pop": 5,
  "inner_gens": 5,
  "best_brain_fit_inner": -5.713804801553227,
  "final_fit_reval": -5.713804801553227
}