gen,mean,best
0,-5.776940,-5.721846
1,-5.759058,-5.721846
2,-5.748346,-5.721846
3,-5.733067,-5.713805
4,-5.733067,-5.713805
5,-5.726838,-5.713805
