gen,mean,best
0,-5.793643,-5.770259
1,-5.781091,-5.770259
2,-5.776753,-5.769908
3,-5.770308,-5.742882
4,-5.762440,-5.742882
5,-5.754381,-5.731259
