{
  "body_index": 6,
  "inner_pop": 24,
  "inner_gens": 12,
  "best_brain_fit_inner": -5.608650042218466,
  "final_fit_reval": -5.608650042218466
}