gen,mean,best
0,-5.753453,-5.677168
1,-5.749077,-5.677168
2,-5.748611,-5.677168
3,-5.745179,-5.677168
4,-5.734244,-5.677168
5,-5.725182,-5.677168
