phase_0,phase_1,phase_2,phase_3,AMP,FREQ
0.8476443019023088,-0.17452138509159304,-0.5146271050948324,-0.5276695552633737,1.0103946502169014,1.7863761565355998
