generation,best_fitness
0,-5.825147685808493
1,-5.764199102546499
