generation,best_fitness
0,-5.638354799616273
1,-5.637719862963526
2,-5.637719862963526
3,-5.637573466203794
4,-5.261919707926301
5,-5.220147602767185
6,-5.2193779755369105
7,-5.2069058319469494
