generation,best_fitness
0,-5.651829993020562
1,-5.651829993020562
