generation,best_fitness
0,-5.815905014204497
1,-5.815376577872795
