generation,best_fitness
0,-5.69371677896142
1,-5.6930515998572755
2,-5.65650793546235
3,-5.655523349821531
4,-5.650524885909561
5,-5.650524885909561
