generation,best_fitness
0,-5.7853029415224135
1,-5.7853029415224135
