generation,best_fitness
0,-5.609197798780815
1,-5.609197798780815
2,-5.582349789669466
3,-5.566240496406706
